company_id,Valuation,funding,select_investors
189,$180B,0,EQT Partners
848,$100B,100000000,"""Dragonfly Captial, Qiming Venture Partners, DST Global"""
556,$100B,100000000,"""Blackstone, Bessemer Venture Partners"""
999,$95B,100000000,"""Goldman Sachs Asset Management, 3L"""
396,$46B,100000000,"""Insight Partners, Softbank Group, Connect Ventures"""
931,$40B,100000000,"""Tencent Holdings, Hillhouse Capital Management"""
364,$40B,101000000,"""K2VC, Lightspeed China Partners, Sky9 Capital"""
732,$39B,102000000,"""Initialized Capital, General Catalyst, Kraken Ventures"""
906,$38B,105000000,"""Delian Capital, China International Capital Corporation, Sequoia Capital China"""
72,$38B,105000000,"""Accel Partners, Sequoia Capital"""
983,$33B,105000000,"""Investment Corporation of Dubai, Centralway"""
898,$32B,107000000,"""Lightspeed India Partners, Sequoia Capital India, Endiya Partners"""
844,$32B,107000000,"""General Catalyst, Future Ventures, AU21"""
894,$27B,109000000,"""DST Global, General Catalyst, Monashees+"""
813,$25B,109000000,"""Polychain Capital, Coinbase Ventures, Jump Capital"""
743,$22B,10000000,"""Coatue Management, H Capital, Capital Today"""
226,$20B,110000000,"""Andreessen Horowitz, TQ Ventures"""
963,$20B,110000000,"""Left Lane Capital, Galaxy Interactive, Tru Arrow Partners"""
764,$18B,111000000,"""Craft Ventures, Caffeinated Capital, Operator Collective"""
839,$17B,111000000,"""Fireside Ventures, Sequoia Capital India, Stellaris Venture Partners"""
1033,$15B,114000000,"""Storm Ventures, DFJ DragonFund, New Enterprise Associates"""
725,$15B,115000000,"""SC.Holdings, Not Boring Capital, Bolt Ventures"""
549,$15B,115000000,"""Northern Light Venture Capital, Xiaomi, FutureX Capital"""
667,$15B,116000000,"""Redpoint Ventures, QiMing Venture Partners, Chengwei Capital"""
755,$14B,116000000,"""Passion Capital, Hedosophia, Outrun Ventures"""
782,$13B,118000000,"""Paradigm, Andreessen Horowitz, Jump Capital"""
175,$13B,119000000,"""Bnk To The Future, Trammell Ventures, SBI Investment"""
398,$13B,119000000,"""Accomplice, Polychain Capital, GoldenTree Asset Management"""
814,$13B,120000000,"""M13, Lightspeed Venture Partners, Lone Pine Capital"""
436,$12B,120000000,GAM Holding
1046,$12B,120000000,"""Insight Partners, Ignition Partners, Georgian Partners"""
565,$12B,121000000,"""Tomales Bay Capital, Bain & Company, General Catalyst"""
781,$12B,124000000,"""Pantera Capital, Polychain Capital, Lightspeed Venture Partners"""
997,$12B,125000000,"""Prysm Capital, Baillie Gifford & Co., TDM Growth Partners"""
194,$12B,125000000,"""Silver Lake, ICONIQ Capital"""
249,$12B,125000000,"""Day One Ventures, Coinbase Ventures, Andreessen Horowitz"""
434,$12B,125000000,"""Shunwei Capital Partners, China Media Group, Guangzhou Huiyin Aofeng Equity Investment Fund"""
1035,$12B,126000000,"""Index Ventures, Benchmark, Thrive Capital"""
969,$12B,126000000,"""General Catalyst, Nexus Venture Partners, Dell Technologies Capital"""
1018,$11B,127000000,"""New Enterprise Associates, Accel, Bond"""
355,$11B,127000000,"""VGames, Lakestar, Galaxy Interactive"""
934,$11B,127000000,"""Technology Crossover Ventures, Alkeon Capital Management, General Atlantic"""
1054,$11B,128000000,"""Sequoia Capital, Founders Fund, Bling Capital"""
901,$11B,128000000,"""Cowboy Ventures, Leaders Fund, GGV Capital"""
173,$11B,128000000,"""Foundation Capital, Frontier Ventures, AltaIR Capital"""
738,$11B,128000000,"""Left Lane Capital, Walden Venture Capital"""
422,$10B,129000000,"""Amplify Partners, Addition, Madrona Venture Group"""
830,$10B,130000000,"""Thrive Capital, Khosla Ventures, Tiger Global Management"""
1004,$10B,130000000,Bregal Sagemount
951,$10B,130000000,"""5Y Capital, Matrix Partners China, K2VC"""
734,$10B,130000000,"""Zeev Ventures, GSV Ventures"""
1063,$10B,131000000,"""Equal Ventures, Uncork Capital, Andreessen Horowitz"""
623,$10B,131000000,"""Matrix Partners China, Ventech China, Shunwei Capital Partners"""
846,$10B,132000000,"""New Enterprise Associates, Greylock Partners, Andreessen Horowitz"""
823,$10B,134000000,"""Ardian, Tiger Global Management, KKR"""
944,$10B,135000000,"""Kleiner Perkins Caufield & Byers, NightDragon Security, Venrock"""
1030,$10B,135000000,"""Greylock Partners, Google Ventures, BlackRock"""
824,$10B,136000000,"""Tiantu Capital, SAIF Partners China, Newsion Venture Capital"""
930,$10B,137000000,"""Nexus Venture Partners, Vertex Ventures, STRIVE"""
370,$10B,137000000,"""Boxin Capital, DT Capital Partners, IDG Capital"""
618,$10B,139000000,"""U.S.-China Green Fund, Founder H Fund, Richland Equities"""
456,$9B,139000000,"""next47, First Round Capital, Sequoia Capital"""
893,$9B,140000000,"""Andreessen Horowitz, DST Global, IDG Capital"""
812,$9B,140000000,"""General Catalyst, Inspired Capital, Flybridge Capital Partners"""
1001,$9B,140000000,"""Sozo Ventures, Caffeinated Capital, Sequoia Capital"""
703,$9B,141000000,"""Innovation Endeavors, s28 Capital, Lightspeed Venture Partners"""
884,$9B,141000000,"""Thrive Capital, General Catalyst, Coatue Management"""
404,$9B,142000000,"""Moonshots Capital, BoxGroup, Blu Venture Investors"""
952,$9B,143000000,"""Andreessen Horowitz, FTX Ventures, Tiger Global Management"""
625,$9B,143000000,"""Index Ventures, Thrive Capital, Bain Capital Ventures"""
971,$9B,144000000,"""GGV Capital, GSR Ventures, FreesFund"""
796,$8B,144000000,"""Sequoia Capital China, Qiming Venture Partners, Tencent Holdings"""
909,$8B,145000000,"""Next Play Ventures, Zeal Capital Partners, SoftBank Group"""
587,$8B,147000000,"""Toyota Motor Corporation, Mizuho Financial Group, FANUC"""
273,$8B,148000000,"""Forerunner Ventures, Lifeline Ventures, MSD Capital"""
771,$8B,148000000,"""Accel, Greylock Partners, Meritech Capital Partners"""
1005,$8B,226000000,"""Insight Partners, Bain Capital Ventures"""
758,$8B,148000000,"""Andreessen Horowitz, Bessemer Venture Partners, Coatue Management"""
652,$8B,149000000,"""GGV Capital, Hillhouse Capital Management, IDG Capital"""
8,$8B,14000000000,Tiger Global Management
760,$8B,14000000,"""Shunwei Capital Partners, 5Y Capital, Legend Capital"""
394,$8B,150000000,"""Sequoia Capital, General Catalyst, Human Capital"""
393,$8B,150000000,"""Ant Group, Charoen Pokphand Group, Bow Wave Capital"""
870,$8B,150000000,"""C5 Capital, Hemisphere Ventures, The Venture Collective"""
804,$7B,150000000,"""Venrock, Innovation Endeavors, Insights Partners"""
1041,$7B,151000000,"""Sequoia Capital China, Linear Venture, Hearst Ventures"""
443,$7B,151000000,"""Andreessen Horowitz, Greylock Partners, Sequoia Capital"""
978,$7B,151000000,"""IDG Capital, Francisco Partners, ZhenFund"""
612,$7B,151000000,"""Temasek, BUILD Capital Partners, Northzone Ventures"""
714,$7B,151000000,"""Phoenix New Media, Tianjin Haihe Industry Fund"""
925,$7B,152000000,"""Wildcat Capital Management, Insight Partners, Tola Capital"""
421,$7B,152000000,"""Jackson Square Ventures, Madrone Capital Partners, Sequoia Capital"""
449,$7B,152000000,"""Andreessen Horowitz, Coatue Management, Clocktower Technology Ventures"""
1022,$7B,154000000,"""Version One Ventures, Uncork Capital, Bessemer Venture Partners"""
240,$7B,154000000,Alibaba Pictures Group
644,$7B,154000000,"""Shenzhen Capital Group, Robert Bosch Venture Capital, SeptWolves Ventures"""
718,$7B,156000000,"""Bessemer Venture Partners, Eniac Ventures, Canapi Ventures"""
920,$7B,156000000,"""Accomplice, Oak Investment Partners, Georgian Partners"""
1048,$7B,156000000,"""Sequoia Capital, Thrive Capital, Sound Ventures"""
1024,$7B,157000000,"""Union Square Ventures, Insight Partners, Spark Capital"""
929,$7B,157000000,"""Qualcomm Ventures, Nine Intelligence Capital, Hillhouse Capital Management"""
751,$7B,157000000,"""Tencent Holdings, Tiger Global Management, Global Founders Capital"""
1012,$6B,15000000,"""K2 Global, 500 Startups"""
863,$6B,160000000,"""Andreessen Horowitz, Intel Capital, Foundation Capital"""
662,$6B,160000000,"""8VC, Menlo Ventures, Tiger Global Management"""
1027,$6B,161000000,"""Javelin Venture Partners, TTV Capital, Peterson Ventures"""
783,$6B,161000000,"""Index Ventures, Sequoia Capital, Bezos Expeditions"""
592,$6B,161000000,"""Sequoia Capital, Paradigm, Pantera Capital"""
1023,$6B,163000000,"""GreatPoint Ventures, Tiger Global Management, Menlo Ventures"""
1051,$6B,163000000,FTV Capital
633,$6B,163000000,"""Sierra Ventures, AXA Venture Partners, Sigma Prime Ventures"""
635,$6B,164000000,"""China Culture Industrial Investment Fund, We Capital, China Minsheng Investment Group"""
750,$6B,165000000,"""Sequoia Capital, Y Combinator, Accel"""
697,$6B,165000000,"""Bonfire Ventures, Two Sigma Ventures, FJ Labs"""
886,$6B,165000000,"""Lightspeed Venture Partners, Kleiner Perkins Caufield & Byers, Origin Ventures"""
826,$6B,166000000,"""WestBridge Capital, GSV Ventures, Elevar Equity"""
1000,$6B,166000000,"""Fifth Wall Ventures, JBV Capital, Array Ventures"""
740,$6B,166000000,"""AirTree Ventures, Insight Partners, Index Ventures"""
798,$6B,167000000,"""Kleiner Perkins Caufield & Byers, Afore Capital, Founders Fund"""
1008,$6B,167000000,"""Global Founders Capital, 468 Capital, Redalpine Venture Partners"""
761,$6B,167000000,"""Wamda Capital, Endeavor, Riverwood Capital"""
701,$6B,169000000,"""New Enterprise Associates, CRV, Index Ventures"""
825,$6B,169000000,"""8VC, Norwest Venture Partners, Tiger Global Management"""
344,$6B,170000000,"""Spectrum Equity, ICONIQ Capital, Grayhawk Capital"""
695,$6B,170000000,"""Andreessen Horowitz, Initialized Capital, TriplePoint Capital"""
876,$6B,170000000,"""Georgian Co-Investment Fund, iTech Capital, Galaxy Digital"""
643,$6B,171000000,"""UNITY VENTURES, Qiming Venture Partners, GGV Capital"""
509,$6B,172000000,"""Google Ventures, Kleiner Perkins Caufield & Byers, Stripes Group"""
979,$5B,172000000,"""Owl Ventures, Technology Crossover Ventures, Tao Capital Partners"""
1031,$5B,172000000,"""True Ventures, Altimeter Capital, Redpoint Ventures"""
817,$5B,172000000,"""XBTO Ventures, Raven One Ventures, SK Ventures"""
943,$5B,173000000,"""BOC International, TopoScend Capital, Hongxiu VC"""
975,$5B,174000000,"""Accel, Cobalt Capital, Andreessen Horowitz"""
647,$5B,174000000,"""Pelion Venture Partners, Foundation Capital, Thoma Bravo"""
426,$5B,177000000,"""Accel, Institutional Venture Partners, Tiger Global Management"""
705,$5B,177000000,"""Sequoia Capital India, Hummingbird Ventures, Epiq Capital"""
724,$5B,178000000,"""Atinum Investment, Company K Partners, GIC"""
464,$5B,179000000,"""Paradigm, Huobi Ventures, Andreessen Horowitz"""
942,$5B,17000000,"""Pantera Capital, Cadenza Ventures, BlockTower Capital"""
354,$5B,180000000,"""Benchmark, Bessemer Venture Partners"""
688,$5B,181000000,"""Global Founders Capital, Comcast Ventures, Forerunner Ventures"""
1045,$5B,181000000,"""New Enterprise Associates, Benchmark, Two Sigma Ventures"""
391,$5B,181000000,"""Accel, Benchmark, SV Angel"""
891,$5B,182000000,"""Battery Ventures, Tiger Global Management, Hanaco Ventures"""
1066,$5B,182000000,"""Co-Energy Finance, Grandland"""
579,$5B,183000000,"""Benchmark, Altimeter Capital, Quiet Capital"""
686,$5B,183000000,"""Kickstart Fund, General Catalyst, Drive Capital"""
822,$5B,185000000,"""Chiratae Ventures, SoftBank Group, Trifecta Capital"""
882,$5B,185000000,"""Salesforce Ventures, next47, Pereg Ventures"""
816,$5B,186000000,"""Edison Partners, Georgian Partners, VentureLink"""
369,$5B,186000000,"""Centurium Capital, Cedarlake Capital, Unicom Innovation Venture Capital"""
340,$5B,187000000,"""Coatue Management, BMO Capital, Schonfeld Strategic Advisors"""
1058,$5B,187000000,"""Trinity Ventures, Fifth Wall Ventures, OpenView Venture Partners"""
129,$5B,187000000,"""General Atlantic, 3i Group, Huagai Capital"""
862,$5B,187000000,"""Madrona Venture Group, Tiger Global Management, Madera Technology Partners"""
363,$5B,188000000,"""Trustbridge Partners, IDG Capital, Sequoia Capital China"""
603,$5B,188000000,"""QF Capital, QC Capital, Unicom Innovation Venture Capital"""
645,$5B,188000000,"""Sequoia Capital China, China Life Investment Holding Company, Qiming Venture Partners"""
769,$5B,189000000,"""RPM Ventures, Inspiration Ventures, Carrick Capital Partners"""
788,$5B,189000000,"""Mayfield, Madrona Venture Group, Tiger Global Management"""
452,$5B,190000000,"""BEENEXT, World Innovation Lab, Light Street Capital"""
420,$5B,190000000,"""Samsung Ventures, SingulariTeam, BP Ventures"""
996,$5B,190000000,"""AWZ Ventures, Blackstone, Insight Partners"""
763,$5B,191000000,"""Version One Ventures, Bessemer Venture Partners, FirstMark Capital"""
803,$5B,192000000,"""FirstMark Capital, Anthemis, CMFG Ventures"""
765,$5B,192000000,"""Costanoa Ventures, Data Collective, Salesforce Ventures"""
989,$5B,192000000,"""Lightspeed Venture Partners, Data Collective, 8VC"""
409,$5B,192000000,"""Smilegate Investment, DSC Investments, KTB Ventures"""
580,$4B,192000000,"""Insight Partners, Tiger Global Management, Gradient Ventures"""
513,$4B,193000000,"""Deer Park Road, Altamont Capital Partners, Eldridge"""
809,$4B,193000000,"""Sequoia Capital India, Rocketship.vc, Lightspeed India Partners"""
791,$4B,194000000,"""Qualcomm Ventures, Accel, Canaan Partners"""
998,$4B,195000000,"""Sequoia Capital, DCM Ventures, Insight Partners"""
455,$4B,195000000,"""Insight Partners, Sequoia Capital, Index Ventures"""
477,$4B,195000000,"""Menlo Ventures, Alkeon Capital Management, Citi Ventures"""
896,$4B,196000000,"""Trinity Ventures, Madrona Venture Group, Shasta Ventures"""
797,$4B,197000000,"""Goodwater Capital, Floodgate, Founders Fund"""
361,$4B,19000000,"""The Carlyle Group, CVC Capital Partners"""
250,$4B,1000000000,"""Eastern Bell Capital, SF Holding Co, STO Express"""
229,$4B,1000000000,"""Ant Financial Services Group, Russia-China Investment Fund, Foxconn Technology Company"""
540,$4B,1000000000,"""Sequoia Capital China, China Construction Bank, Bank of China"""
73,$4B,1000000000,"""Lightspeed Venture Partners, Social Capital, Accel"""
852,$4B,1000000000,"""Sequoia Capital China, Gopher Asset Management, Shanghai Electric Group"""
78,$4B,1000000000,"""Accel, Northzone Ventures, Institutional Venture Partners"""
79,$4B,1000000000,"""Sixth Street Partners, OrbiMed Advisors, Highland Capital Management"""
632,$4B,1000000000,"""KKR, TowerBrook Capital Partners"""
314,$4B,1000000000,"""Mubadala Capital, Bond, Prosus Ventures"""
82,$4B,1000000000,"""Tenaya Capital, Coatue Management, Stripes Group"""
164,$4B,1000000000,"""Walden International, Google Ventures, Intel Capital"""
85,$4B,1000000000,"""Tiger Global Management, Blue Lake Capital, ZhenFund"""
212,$4B,1000000000,"""Playground Global, Bond, Tribe Capital"""
65,$4B,1000000000,"""BOLDstart Ventures, Google Ventures, Accel"""
258,$4B,1000000000,"""FAW Group, Tencent Holdings, Tus Holdings"""
63,$4B,1000000000,"""Sequoia Capital China, IDG Capital, DCM Ventures"""
58,$4B,1000000000,"""Y Combinator, Sequoia Capital, Coatue Management"""
31,$4B,1000000000,"""Khosla Ventures, Forerunner Ventures, Sequoia Capital"""
248,$4B,1000000000,"""Clermont Group, Coltrane Asset Management, Toscafund Asset Management"""
32,$4B,1000000000,"""Caffeinated Capital, CRV, Founder Collective"""
252,$4B,1000000000,"""Y Combinator, Atomico, Accel"""
33,$4B,1000000000,"""DST Global, Ribbit Capital, Greenoaks Capital Management"""
287,$4B,1000000000,"""Moore Strategic Ventures, DST Global, Sequoia Capital India"""
251,$4B,1000000000,"""Hopu Investment Management, Boyu Capital, DC Thomson Ventures"""
243,$4B,1000000000,Khosla Ventures
40,$4B,1000000000,"""Didi Chuxing, Diamler, TMT Investments"""
44,$4B,1000000000,"""Activant Capital, Tribe Capital, General Atlantic"""
45,$4B,1000000000,"""Accel, 83North"""
211,$4B,1000000000,"""New Enterprise Associates, New Leaf Venture Partners, Charter Venture Capital"""
50,$4B,1000000000,"""Bessemer Venture Partners, ICONIQ Capital, Battery Ventures"""
53,$4B,1000000000,"""Ribbit Capital, capitalG, Softbank Group"""
285,$4B,1000000000,"""China Environmental Protection Industry, China Fortune Ocean"""
217,$4B,1000000000,"""Venrock, Institutional Venture Partners, Goldman Sachs"""
134,$4B,1000000000,"""Passion Capital, Thrive Capital, Orange Digital Ventures"""
317,$4B,1000000000,"""Coatue Management, Atlantic Food Labs, DST Global"""
365,$4B,1000000000,Automobile Industry Guidance Fund
91,$4B,1000000000,"""Menlo Ventures, Spark Capital, Union Square Ventures"""
185,$4B,1000000000,"""Activant Capital Group, Alaska Permanent Fund, Baillie Gifford & Co."""
121,$4B,1000000000,"""Tencent, Baidu, Huasheng Capital"""
335,$4B,1000000000,"""Holtzbrinck Ventures, Unternehmertum Venture Capital, General Atlantic"""
1014,$4B,1000000000,"""Tiger Global Management, Hedosophia"""
191,$4B,1000000000,"""Atop Capital, IDInvest Partners, Qiming Venture Partners"""
334,$4B,1000000000,"""Times Internet, Nexus Venture Partners, SoftBank Group"""
118,$4B,1000000000,"""Technology Crossover Ventures, A&E Television Networks"""
115,$4B,1000000000,"""New Enterprise Associates, Accomplice, IA Ventures"""
113,$4B,1000000000,"""Aglae Ventures, Eurazeo, Daphni"""
147,$4B,1000000000,"""China Grand Prosperity Investment, Silk Road Huacheng, Oriza Equity Investment"""
136,$4B,1000000000,"""Sequoia Capital China, Tencent Holdings, Sinovation Ventures"""
130,$4B,1000000000,"""Venture Highway, Sequoia Capital India, Prosus Ventures"""
321,$4B,1000000000,"""DST Global, Lightspeed Venture Partners, Microsoft ScaleUp"""
327,$4B,1000000000,"""ConsenSys Ventures, Valar Ventures, PUC"""
641,$4B,1000000000,"""American Express Ventures, Goldman Sachs, Bain Capital Credit"""
352,$4B,1000000000,"""Global Founders Capital, East Ventures, Expedia Inc."""
972,$4B,1000000000,"""Sinovation Ventures, Tencent Holdings, Sequoia Capital China"""
201,$4B,1000000000,"""India Quotient, Elevation Capital, Lightspeed Venture Partners"""
168,$4B,1000000000,"""Hillhouse Capital Management, SoftBank Group, Qiming Venture Partners"""
104,$4B,1000000000,"""Tencent, Morningside Group"""
171,$4B,1000000000,"""New Enterprise Associates, Starr Investment Holdings"""
350,$4B,1000000000,"""Morningside Ventures, Warburg Pincus, CreditEase Fintech Investment Fund"""
101,$4B,1000000000,"""Initialized Capital, General Catalyst, SignalFire"""
239,$4B,1000000,"""Sequoia Capital, Bessemer Venture Partners, Threshold Ventures"""
1065,$4B,200000000,"""Eastern Bell Capital, Danhua Capital, MSA Capital"""
938,$3B,200000000,"""Tencent, Vcanbio"""
828,$3B,200000000,"""GGV Capital, Lightspeed Venture Partners, ICONIQ Capital"""
941,$3B,200000000,One Equity Partners
988,$3B,200000000,"""R-Z Capital, Green Pine Capital Partners, SAIF Partners China"""
484,$3B,200000000,"""Stripe, Founders Fund, Partech Partners"""
864,$3B,200000000,"""Andreessen Horowitz, Coinbase Ventures, Tiger Global Management"""
383,$3B,200000000,"""Foundry Group, Scale Venture Partners, SoftBank Group"""
1060,$3B,200000000,"""Coatue Management, Insight Partners, Trinity Ventures"""
595,$3B,200000000,L Capital Partners
840,$3B,200000000,Inflexion Private Equity
290,$3B,200000000,Goldman Sachs Asset Management
742,$3B,201000000,"""Liberty City Ventures, Soros Fund Management, Summer Capital"""
964,$3B,202000000,"""Female Founders Fund, Oak HC/FT Partners, Sequoia Capital"""
712,$3B,202000000,"""Lightspeed Venture Partners, Access Industries, Eldridge"""
837,$3B,202000000,"""LocalGlobe, Balderton Capital, Target Global"""
583,$3B,202000000,"""Andreessen Horowitz, Kleiner Perkins Caufield & Byers, EQT Ventures"""
411,$3B,203000000,"""Amiti Ventures, Playground Global, Aleph"""
430,$3B,204000000,"""Kleiner Perkins Caufield & Byers, Sequoia Capital, General Catalyst"""
875,$3B,205000000,"""QED Investors, DST Global, Endeavor"""
810,$3B,205000000,"""New Enterprise Associates, Koch Disruptive Technologies, Evolution Equity Partners"""
805,$3B,205000000,"""Dynamo VC, Susa Ventures, Founders Fund"""
953,$3B,205000000,"""Khosla Ventures, General Catalyst, Navitas Capital"""
606,$3B,206000000,"""Helion Venture Partners, Bain Capital Tech Opportunities, Sequoia Capital India"""
679,$3B,207000000,"""Source Code Capital, Coatue Management, DCM Ventures"""
907,$3B,209000000,"""Primary Venture Partners, Bessemer Venture Partners, Harmonic Growth Partners"""
880,$3B,210000000,"""Mundi Ventures, Doqling Capital Partners, Activant Capital"""
834,$3B,210000000,"""Zeev Ventures, Group11, Chicago Ventures"""
542,$3B,210000000,"""Institutional Venture Partners, Atomico, Earlybird Venture Capital"""
1043,$3B,210000000,"""Northzone Ventures, Maveron, Johnson & Johnson Innovation"""
410,$3B,211000000,"""Sequoia Capital, General Atlantic"""
637,$3B,211000000,"""Marathon Venture Partners, Huagai Capital, China Creation Ventures"""
616,$3B,211000000,"""Kleiner Perkins Caufield & Byers, Comcast Ventures, Insight Partners"""
611,$3B,214000000,"""Qiming Venture Partners, Vivo Capital, Sequoia Capital China"""
1064,$3B,215000000,"""Accel, Y Combinator, Amasia"""
1032,$3B,215000000,"""Tencent Holdings, Walden Venture Capital, Global Catalyst Partnera"""
737,$3B,215000000,"""Insight Partners, Sequoia Capital, Stripes Group"""
374,$3B,216000000,"""Sequoia Capital China, Matrix Partners China, 58.com"""
172,$3B,216000000,Formation 8
414,$3B,217000000,"""Global Founders Capital, Shea Ventures, Greycroft"""
845,$3B,217000000,"""Founders Fund, Upfront Ventures, 01 Advisors"""
1055,$3B,217000000,"""Foundation Capital, Summit Partners, Adams Street Partners"""
416,$3B,218000000,"""Coatue Management, Index Ventures, Founders Fund"""
682,$3B,218000000,"""Baidu, Tencent Holdings"""
967,$3B,218000000,"""Accel, Falcon Edge Capital, Norwest Venture Partners"""
551,$3B,218000000,"""Insight Venture Partners, TPG Growth, Sound Ventures"""
491,$3B,218000000,"""Revolution, New Enterprise Associates, Caterpillar"""
446,$3B,219000000,"""Zeev Ventures, Menlo Ventures,Crosslink Capital"""
982,$3B,220000000,"""Insight Partners, Lightspeed Venture Partners, CyberStarts"""
850,$3B,221000000,"""FundersClub, Y Combinator, Tiger Global Management"""
928,$3B,221000000,"""Glory Ventures, Maniv Mobility"""
380,$3B,221000000,"""Kleiner Perkins Caufield & Byers, Softbank Corp., Sherpalo Ventures"""
451,$3B,222000000,"""Blackbird Ventures, IndexVentures, Tiger Global Management"""
987,$3B,223000000,"""Insight Partners, AltaIR Capital, Norma Investments"""
842,$3B,223000000,"""Goldman Sachs, Leonardo DiCaprio, Promecap"""
620,$3B,223000000,"""China Minsheng Investment, Baidu, Wanxin Media"""
356,$3B,224000000,"""Guozhong Venture Capital Management, Shenzhen Capital Group, Oriental Fortune Capital"""
872,$3B,224000000,"""Banyan Capital, New Horizon Capital, IDG Capital Partners"""
417,$3B,225000000,"""Mayfield Fund, Insight Partners, Rembrandt Venture Partners"""
427,$3B,225000000,"""Y Combinator, Andreessen Horowitz, Wonder Ventures"""
255,$3B,225000000,"""Stripes Group, Neuberger Berman"""
397,$3B,225000000,"""Technology Crossover Ventures, Accel, Aker"""
857,$3B,226000000,"""Balderton Capital, Next World Capital, Draper Esprit"""
588,$3B,226000000,"""Y Combinator, Matrix Partners, Benchmark"""
609,$3B,227000000,"""Insight Partners, B Capital Group, Lightspeed Venture Partners"""
619,$3B,227000000,"""IDG Capital, Gaocheng Capital, Chuanrong Capital"""
681,$3B,228000000,"""Slow Ventures, Andreessen Horowitz, SoftBank Group"""
489,$3B,229000000,"""Summit Partners, Noshaq, Sofinnova Partners"""
626,$3B,229000000,"""Yunqi Partners, SoftBank Group, iVision Ventures"""
649,$3B,230000000,"""Bojiang Capital, Hongdao Capital, Mobai Capital"""
234,$3B,230000000,"""Dragoneer Investment Group, Hellman & Friedman, JMI Equity"""
770,$3B,230000000,"""Polaris Partners, Insight Partners, Norwest Venture Partners"""
614,$3B,231000000,"""Highland Capital Partners, Next Coast Ventures, SoGal Ventures"""
482,$3B,231000000,"""SoftBank Group, Access Industries, Crossbeam Venture Partners"""
968,$3B,232000000,"""Sequoia Capital China, ZhenFund, K2 Ventures"""
899,$3B,232000000,"""Vitruvian Partners, Merieux Equity Partners, Straumann"""
386,$3B,233000000,"""TSG Consumer Partners, Crowdcube"""
665,$3B,235000000,"""GGV Capital, IDG Capital, Linear Venture"""
1039,$3B,235000000,"""Eclipse Ventures, Fidelity Investments, Moore Capital Management"""
800,$3B,236000000,"""Matrix Partners, Lightspeed Venture Partners, Verizon Ventures"""
457,$3B,236000000,"""QED Investors, DST Global, Left Lane Capital"""
676,$3B,236000000,"""Insight Partners, Coinbase Ventures, PayPal Ventures"""
1050,$3B,237000000,"""Big Bets, General Atlantic, SOFTBANK Latin America Ventures"""
694,$3B,237000000,"""Newion Partners, SmartFin Capital, OMERS Ventures"""
481,$3B,237000000,"""Crosslink Capital, .406 Ventures, Sapphire Ventures"""
878,$3B,238000000,"""FirstMark Capital, Georgian Partners, Norwest Venture Partners"""
995,$3B,239000000,"""Earlybird Venture Capital, Eleven Ventures, QED Investors"""
1034,$3B,239000000,"""CRV, Y Combinator, Initialized Capital"""
855,$3B,240000000,"""Hillhouse Capital Management, Sequoia Capital China, Linear Venture"""
345,$3B,240000000,"""Uniion Square Ventures, Tiger Global Management, Lightspeed Venture Capital"""
691,$3B,240000000,"""Greylock Partners, General Catalyst, Khosla Ventures"""
860,$3B,240000000,"""Mayfield, Accel, Norwest Venture Partners"""
511,$3B,240000000,"""SOSV, Khosla Ventures, Lerer Hippeau"""
704,$3B,241000000,"""Initialized Capital, Canaan Partners, Sound Ventures"""
881,$3B,241000000,"""WRVI Capital, Caffeinated Capital, Y Combinator"""
747,$3B,241000000,"""FirstMark Capital, Tiger Global Management"""
861,$3B,243000000,"""Invus Group, Hanaco Venture Capital, WestCap Group"""
407,$3B,245000000,"""PSG, ION Crossover Partners"""
858,$3B,245000000,"""Softbank Ventures Asia, Alpha JWC Ventures, Insignia Ventures Partners"""
749,$3B,246000000,"""BOLDstart Ventures, SAP.iO Fund, Scale Venture Partners"""
841,$3B,247000000,"""SAIF Partners India, Warburg Pincus, Trifecta Capital Advisors"""
282,$3B,248000000,"""Redpoint Ventures, Goldcrest Capital, Insight Partners"""
1026,$3B,249000000,"""Gunosy Capital, Blume Ventures, Das Capital"""
630,$3B,249000000,"""Sequoia Capital India, The Times Group, GMO VenturePartners"""
621,$3B,249000000,"""Yinhong Equity Investment Fund, E Fund, Ideal International"""
847,$3B,250000000,"""Sequoia Capital China, Rich Land Capital, Merrysunny Wealth"""
223,$3B,250000000,"""Accel, Insight Partners, Bond Capital"""
1009,$3B,250000000,"""Silver Lake Partners, General Atlantic"""
563,$3B,251000000,"""Pitango Venture Capital, DFJ Growth Fund, Foundry Group"""
476,$3B,251000000,"""Nexus Venture Partners, Transamerica Ventures, Crane Venture Partners"""
970,$3B,252000000,"""Sequoia Capital China, SIG Asia Investments, ZhenFund"""
990,$3B,252000000,"""Accomplice, Juxtapose, FirstMark Capital"""
728,$3B,252000000,"""Advantech Capital, Temasek Holdings Ltd., Tiantu Capital Co."""
415,$3B,253000000,"""Brighton Park Capital, Blue Cloud Ventures, Workday Ventures"""
956,$3B,253000000,"""China Investment Corporation, New Enterprise Associates"""
418,$3B,253000000,"""Sequoia Capital, Y Combinator, F-Prime Capital"""
892,$2B,254000000,"""Greylock Partners, Lux Capital, General Atlantic"""
991,$2B,254000000,"""Google Ventures, Cathay Innovation, NJF Capital"""
1028,$2B,255000000,"""Goldman Sachs, Insights Venture Partners, Pritzker Group Venture Capital"""
454,$2B,255000000,"""Initialized Capital, Sound Ventures, TI Platform Management"""
400,$2B,257000000,"""Felicis Ventures, Index Ventures, Blackbird Ventures"""
1042,$2B,257000000,"""Silverton Partners, Accel, Ballast Point Ventures"""
753,$2B,257000000,"""Dila Capital, Framework Ventures, 3L"""
911,$2B,258000000,"""Paladin Capital Group, Greycroft, Scale Venture Partners"""
819,$2B,258000000,"""Pritzker Group Venture Capital, Accel, Hyde Park Venture Partners"""
507,$2B,259000000,"""Sierra Ventures, Battery Ventures, Asset Management Ventures"""
910,$2B,259000000,"""B Capital Group,, GE Ventures, McKesson Ventures"""
756,$2B,260000000,"""Javelin Venture Partners, Struck Capital, Alumni Ventures Group"""
480,$2B,261000000,"""Index Ventures, Kleiner Perkins Caufield & Byers, Bessemer Venture Partners"""
405,$2B,261000000,"""Redpoint Ventures, Providence Equity Partners, Silversmith Capital Partners"""
683,$2B,262000000,General Atlantic
959,$2B,263000000,"""NewAlpha, XAnge Private Equity, Tencent Holdings"""
954,$2B,263000000,"""Optum Ventures, Qiming Venture Partners, Transformation Capital"""
203,$2B,263000000,"""Norwest Venture Partners, Goldman Sachs, Dell Technologies Capital"""
170,$2B,263000000,Kuang-Chi
698,$2B,264000000,"""TLV Partners, Zeev Ventures, Bessemer Venture Partners"""
790,$2B,264000000,"""Georgian Partners, Silver Lake, Presidio Ventures"""
962,$2B,265000000,"""NFX, Plum Alley, Mayfield"""
865,$2B,265000000,"""TLV Partners, Lightspeed Venture Partners, M12"""
461,$2B,266000000,"""Forerunner Ventures, Institutional Venture Partners, Thrive Capital"""
670,$2B,267000000,"""Alibaba Group, China Everbright Investment Management, Yinxinggu Capital"""
529,$2B,268000000,"""Tencent Holdings, CRV, Clocktower Technology Ventures"""
634,$2B,268000000,"""Source Code Capital, XVC Venture Capital, Hillhouse Capital Management"""
897,$2B,269000000,"""Acero Capital, General Catalyst, M12"""
924,$2B,269000000,"""Greylock Partners, Google Ventures, BlackRock"""
768,$2B,271000000,"""Insight Partners, Salesforce Ventures, Perpetual Investors"""
707,$2B,271000000,"""Y Combinator, S Capital, Tenaya Capital"""
673,$2B,271000000,"""Max Ventures, Mangrove Capital Partners, 14W"""
1049,$2B,271000000,"""Anthemis, Connect Ventures, Northzone Ventures"""
1017,$2B,273000000,"""Atomico, NGP Capital, Google Ventures"""
856,$2B,273000000,"""Sequoia Capital China, Lenovo Capital and Incubator, Group GSR Ventures"""
1007,$2B,273000000,"""Green Bay Ventures, M12, Andreessen Horowitz"""
462,$2B,274000000,"""Bessemer Venture Partners, Eight Roads Ventures, Battery Ventures"""
832,$2B,274000000,"""Opus Capital, Genesis Partners, Battery Ventures"""
265,$2B,274000000,"""Accel, Tiger Global Management, Nexus Venture Partners"""
485,$2B,275000000,"""Greycroft, Lerer Hippeau, Geekdom Fund"""
490,$2B,275000000,"""RedBird Capital Partners, CJ ENM, Tencent Holdings"""
723,$2B,276000000,"""Marchmont Ventures, BMW i Ventures, Index Ventures"""
913,$2B,277000000,"""Global Founders Capital, Shea Ventures, Greycroft"""
534,$2B,277000000,"""ICONIQ Growth, Bain Capital Ventures, Summit Partners"""
494,$2B,277000000,"""Knox Lane, Ainge Advisory, Carlson Private Capital Partners"""
849,$2B,277000000,"""Bain Capital Tech Opportunities, Andreessen Horowitz, Sequoia Capital"""
908,$2B,279000000,"""OLX Group, KCK Group, EXOR Seeds"""
264,$2B,280000000,"""Fabric Ventures, AirTree Ventures, Temasek"""
550,$2B,281000000,Undisclosed
778,$2B,281000000,"""Qualcomm Ventures, Accel, Canaan Partners"""
624,$2B,281000000,"""Ding Xiang Capital, New Hope Fund, Sino-Ocean Capital"""
958,$2B,282000000,"""Accel Partners, Greylock Partners, Lowercase Capital"""
440,$2B,282000000,"""Sequoia Capital, Index Ventures, S Capital"""
921,$2B,283000000,"""IDG Capital, Northern Light Venture Capital, DCM Ventures"""
926,$2B,284000000,"""Y Combinator, M12, SEEK"""
584,$2B,285000000,"""A&NN, Rusnano"""
980,$2B,285000000,"""Vertex Ventures SE Asia, Global Founders Capital, Visa Ventures"""
468,$2B,285000000,"""V FUND, IDG Capital, Green Pine Capital Partners"""
709,$2B,286000000,"""March Capital Partners, Temasek, Doha Venture Capital"""
138,$2B,286000000,"""Ontario Teachers' Pension Plan, Goldman Sachs"""
719,$2B,287000000,"""8VC, Bedrock Capital, Broom Ventures"""
505,$2B,287000000,Sequoia Capital
811,$2B,288000000,"""500 Global, Rakuten Ventures, Golden Gate Ventures"""
395,$2B,289000000,"""Nyca Partners, Index Ventures, Technology Crossover Ventures"""
746,$2B,291000000,"""Lightspeed Venture Partners, Dell Technologies Capital, Wipro Ventures"""
1052,$2B,292000000,"""Accel, Tiger Global Management, Omidyar Network"""
806,$2B,292000000,"""Lightspeed Venture Partners, Khosla Ventures, Munich Re Ventures"""
873,$2B,292000000,Woodford Investment Management
966,$2B,293000000,"""Aglae Ventures, Global Founders Capital, Alven Capital"""
545,$2B,293000000,"""Magma Venture Partners, Pitango Venture Capital, Qumra Capital"""
912,$2B,294000000,"""Innovation Endeavors, Aleph, Temasek"""
187,$2B,294000000,"""First Round Capital, Sequoia Capital, Index Ventures"""
47,$2B,294000000,"""IDG Capital, Venture51, Lightspeed Venture Partners"""
868,$2B,294000000,"""Lerer Hippeau, Munich Re Ventures, Eclipse Ventures"""
671,$2B,294000000,"""Redpoint Ventures, Norwest Venture Partners, Sierra Ventures"""
521,$2B,295000000,"""Venrock, CVF Capital Partners, ARCH Venture Partners"""
591,$2B,296000000,"""Rethink Impact, Work-Bench, RRE Ventures"""
593,$2B,296000000,"""Khosla Ventures, Green Innovations, Founders Fund"""
84,$2B,297000000,"""TA Associates, SoftBank Group, GS Growth"""
459,$2B,298000000,"""Alta Partners, General Catalyst, Jove Equity Partners"""
514,$2B,298000000,"""Zhangjiang Haocheng Venture Capital, Walden International, Intel Capital"""
425,$2B,299000000,"""General Catalyst, Origin Ventures, Fontinalis Partners"""
561,$2B,299000000,"""K9 Ventures, Menlo Ventures, Andreessen Horowitz"""
303,$2B,299000000,"""AME Cloud Ventures, Future Perfect Ventures, Blockchain Capital"""
914,$2B,299000000,"""Accel, 14W, GS Growth"""
957,$2B,299000000,"""Scale Venture Partners, Bond, Tiger Global Management"""
368,$2B,29000000,"""L Catterton, Franklin Templeton, First Light Capital Group"""
204,$2B,2000000000,"""Blackstone, ICONIQ Growth, General Atlantic"""
14,$2B,2000000000,"""Forerunner Ventures, Crosslink Capital, Homebrew"""
1010,$2B,2000000000,"""Target Global, UBS Asset Management, Mubadala Capital"""
10,$2B,2000000000,"""index Ventures, DST Global, Ribbit Capital"""
220,$2B,2000000000,"""HD Capital, Qihoo 360 Technology, China Fortune Land Development"""
615,$2B,2000000000,"""CreditEase Fintech Investment Fund, BMW i Ventures, SoftBank Group"""
6,$2B,2000000000,"""Tiger Global Management, Insight Partners, DST Global"""
3,$2B,2000000000,"""Khosla Ventures, LowercaseCapital, capitalG"""
34,$2B,2000000000,"""Tiger Global Management, Sequoia Capital, Revo Capital"""
12,$2B,2000000000,"""Sequoia Capital, Thoma Bravo, Softbank"""
657,$2B,2000000000,"""Ant Financial Services Group, GGV Capital"""
169,$2B,2000000000,"""SoftBank Group, General Atlantic"""
2,$2B,2000000000,"""Tiger Global Management, Sequoia Capital China, Shunwei Capital Partners"""
26,$2B,2000000000,"""Andreessen Horowitz, F-Prime Capital, Venrock"""
93,$2B,2000000000,"""Sequoia Capital China, Warburg Pincus, General Catalyst"""
176,$2B,2000000000,"""Hillhouse Capital Management, Linear Venture, Morningside Venture Capital"""
86,$2B,2000000000,"""Khosla Ventures, Horizons Ventures, Temasek Holdings"""
66,$2B,2000000000,"""DST Global, SoftBank Group, Mountain Nazca"""
64,$2B,2000000000,"""SoftBank Group, Greylock Partners, Gaorong Capital"""
62,$2B,2000000000,"""SBI Investment Korea, Partners Investment, GIC"""
60,$2B,2000000000,"""Upper90, RiverPark Ventures, Advent International"""
71,$2B,2000000000,"""Kaalari Capital, Tencent Holdings, Steadview Capital"""
640,$2B,2000000000,"""SoftBankGroup, Blackrock, Alibaba Group"""
56,$2B,2000000000,"""MindWorks Ventures, Shunwei Capital Partners, Xiang He Capital"""
76,$2B,2000000000,"""Sutter Hill Ventures, Liberty Global Ventures, Coatue Management"""
83,$2B,2000000000,"""Bloomberg Beta, Founders Fund, First Round Capital"""
149,$2B,2000000000,"""DST Global, Andreessen Horowitz, Sequoia Capital, Redpoint e.ventures"""
67,$2B,2000000000,"""Redalpine Venture Partners, Earlybird Venture Capital, Valar Ventures"""
155,$2B,2000000000,Credit Suisse
103,$2B,2000000000,"""Alibaba Group, Boyu Capital, Borui Capital"""
523,$2B,300000000,"""Sixth Street Partners, Declaration Partners, Maverick Ventures Israel"""
789,$2B,300000000,"""IDG Capital, ZhenFund, Sequoia Capital China"""
961,$2B,300000000,"""Morningside Venture Capital, IDG Capital, DCM Ventures"""
854,$2B,300000000,"""KKR, Alibaba Group, Ping An Insurance"""
554,$2B,300000000,"""Lightspeed Venture Partners, Almaz Capital Partners, Altimeter Capital"""
522,$2B,301000000,"""Tiger Global Management, Sequoia Capital India, Ribbit Capital"""
935,$2B,302000000,"""Fosun RZ Capital, Oceanwide Holdings, Shenzhen Qianhe Capital Management Co."""
552,$2B,302000000,"""Deciens Capital, Bezos Expeditions, 500 Startups"""
687,$2B,303000000,"""Refactor Capital, Andreessen Horowitz, Fifty Years Fund"""
815,$2B,304000000,"""HV Capital, Softbank Group, BlackRock"""
895,$2B,305000000,"""American Family Ventures, Cox Enterprises, OMERS Ventures"""
510,$2B,305000000,"""Viola Ventures, Insight Partners, ClalTech, Goldman Sachs"""
531,$2B,305000000,"""Lightspeed Venture Partners, Sapphire Ventures, Kleiner Perkins Caufield & Byers"""
949,$2B,306000000,"""TAL Education Group, Legend Star, Alibaba Group"""
833,$2B,307000000,"""Insight Partners, e.ventures, General Atlantic"""
650,$2B,307000000,"""Dark Horse Technology Group, Hopu Investment Management, Kefa Capital"""
1057,$2B,308000000,"""Accel Partners, Comcast Ventures, General Atlantic"""
785,$2B,309000000,"""Accel, Greycroft, Advancit Capital"""
408,$2B,310000000,"""Scale Venture Partners, Sapphire Ventures, Battery Ventures"""
1015,$2B,310000000,"""Speedinvest, Valar Ventures, Uniqa Ventures"""
642,$2B,310000000,"""N5 Capital, CR Capital Mgmt, JD Digits"""
617,$2B,310000000,SoftBank Group
779,$2B,310000000,"""L'Occitane, Trifecta Capital, Bessemer Venture Partners"""
475,$2B,311000000,"""MMC Ventures, BGF Ventures, Unilever Ventures"""
349,$2B,311000000,"""Fabric Ventures, 500 Global, Standard Crypto"""
272,$2B,313000000,"""CRV, Accel, Google Ventures"""
708,$2B,314000000,"""BlackRock, Tengelmann Ventures, Holtzbrinck Ventures"""
916,$2B,314000000,"""L Catterton, Trellis Partners, Vista Equity Partners"""
289,$2B,314000000,"""Andreessen Horowitz, IA Ventures, Felicis Ventures"""
675,$2B,314000000,"""Index Ventures, Eight Roads Ventures, General Atlantic"""
266,$2B,314000000,"""Coatue Managemeny, Trinity Ventures, Matrix Partners"""
784,$2B,315000000,"""Newpath Partners, Google Ventures, F-Prime Capital"""
471,$2B,315000000,"""Threshold Ventures, Baseline Ventures, Harrison Metal"""
622,$2B,315000000,"""QiMing Venture Partners, Temasek Holdings, Silverlink Capital"""
574,$2B,315000000,"""SoftBank Group, Maverick Capital"""
766,$2B,317000000,"""Advent International, Battery Ventures, Sequoia Capital Israel"""
693,$2B,318000000,"""Signal Peak Ventures, Owl Ventures, Jump Capital"""
390,$2B,320000000,"""GreatPoint Ventures, Meritech Capital Partners, PayPal Ventures"""
413,$2B,320000000,"""Redpoint e.ventures, Valor Capital Group, SoftBank Latin America Fund"""
684,$2B,323000000,"""Left Lane Capital, Clocktower Technology Ventures, Jump Capital"""
801,$2B,323000000,"""General Catalyst, Bling Capital, Felicis Ventures"""
748,$2B,324000000,"""Mitsubishi Corporation, Mayfair Equity Partners"""
206,$2B,324000000,"""Tiger Global Management, American Express Ventures, B Capital Group"""
752,$2B,325000000,"""Andreessen Horowitz, Prosus Ventures, Thrive Capital"""
820,$2B,325000000,"""BlueRun Ventures, Grand Flight Investment, Meituan Dianping"""
965,$2B,325000000,"""Silicon Valley Bank, QED Investors, European Founders Fund"""
448,$2B,325000000,"""TPG Growth, Goldman Sachs"""
902,$2B,325000000,"""Bessemer Venture Partners, Pitango Venture Capital, D1 Capital Partners"""
1036,$2B,326000000,"""Index Ventures, IDInvest Partners, Daphni"""
304,$2B,326000000,"""Thrive Capital, Founders Fund, Cocnord Health Partners"""
325,$2B,328000000,"""Tiger Global Management, Tiger Brokers, DCM Ventures"""
1019,$2B,328000000,"""Andreessen Horowitz, Homebrew, Point72 Ventures"""
690,$2B,328000000,"""KKR, Aspenwood Ventures, Spark Capital"""
636,$2B,329000000,"""Durable Capital Partners, Cercano Management, T. Rowe Price"""
342,$2B,329000000,"""Khosla Ventures, Thrive Capital, Y Combinator"""
343,$2B,330000000,"""Uncork Capital, Threshold Ventures, Bloomberg Beta"""
933,$2B,330000000,Ginko Ventures
1011,$2B,330000000,"""KKR, FTV Capital, Ten Eleven Ventures"""
1062,$2B,330000000,"""SAIF Partners China, Baidu, IDG Capital"""
428,$2B,331000000,"""Norwest Venture Partners, Accel, Tiger Global Management"""
1021,$2B,331000000,"""Hyde Park Venture Partners, FundersClub, Bain Capital Ventures"""
332,$2B,333000000,"""Balderton Capital, General Catalyst, Tiger Global Management"""
950,$2B,333000000,"""Horizons Ventures, Sequoia Capital India, Alpha JWC Ventures"""
54,$2B,333000000,"""Index Ventures, Greylock Partners, Kleiner Perkins Caufield & Byers"""
308,$2B,334000000,"""Accel, Sequoia Capital, Y Combinator"""
493,$2B,334000000,"""Accel, Alven Capital, Storm Ventures"""
237,$2B,335000000,"""Accel, Silversmith Capital Partners, capitalG"""
730,$2B,335000000,"""Bessemer Venture Partners, Menlo Ventures, Anthermis"""
741,$2B,336000000,"""Chromo Invest, Maersk Growth, BlackRock"""
960,$2B,336000000,"""Flybridge Capital Partners, SoftBank Group, Monashees+"""
1038,$2B,336000000,"""Matrix Partners, Passport Capital, Rho Ventures"""
780,$2B,337000000,"""Kinnevik, Softbank Group, Prosus Ventures"""
774,$2B,337000000,"""Flagship Pioneering, Alexandria Venture Investments, Investment Corporation of Dubai"""
936,$2B,337000000,"""Wing Venture Capital, Slow Ventures, Uncork Capital"""
351,$2B,339000000,"""Tiger Global Management, Insight Partners, Jump Capital"""
602,$2B,339000000,"""Gauss Ventures, Ventura Capital, dmg ventures"""
802,$2B,339000000,"""Pelion Venture Partners, Foundation Capital, Thoma Bravo"""
794,$2B,33000000,CDIB Capital
381,$2B,340000000,Hinduja Group
1025,$2B,340000000,"""Andreessen Horowitz, Andreessen Horowitz, Institutional Venture Partners, Accel"""
831,$2B,340000000,"""Accelm Scania Growth Capital, Lakestar"""
429,$2B,340000000,"""Sodexo Ventures, SoftBank Group"""
547,$2B,341000000,"""Ignition Partners, Formation 8, CRV"""
568,$2B,342000000,"""CRV, Blue Cloud Ventures, Index Ventures"""
57,$2B,343000000,"""Index Ventures, Draft Ventures, Felicis Ventures"""
628,$2B,344000000,Advent International
517,$2B,345000000,"""Plug and Play Ventures, Valor Capital Group, DST Global"""
777,$2B,345000000,"""SoftBank Latin America Fund, Advent International, Balderton Capital"""
827,$2B,346000000,"""Auriga, Galeo Ventures, Highland Europe"""
786,$2B,347000000,"""Madrona Venture Group, Kleiner Perkins Caufield & Byers, Highland Capital Partners"""
528,$2B,349000000,"""FirstMark Capital, Tiger Global Management, ICONIQ Capital"""
210,$2B,350000000,"""Vista Equity Partners, Wincove, TDR Capital"""
917,$2B,350000000,"""SCB 10X, Krungsri Finnovate, eWTP Capital"""
328,$2B,351000000,"""ICONIQ Capital, OpenView Venture Partners"""
508,$2B,351000000,"""Fashion Tech Lab, Fidelity Investments, Vast Ventures"""
192,$2B,352000000,"""Andreessen Horowitz, Lux Capital, General Catalyst"""
994,$2B,352000000,"""Sequoia Capital China, Shunwei Capital Partners, Qualgro"""
877,$2B,352000000,"""Accel, Sands Capital, International Finance Corporation"""
646,$2B,352000000,"""IA Ventures, Khosla Ventures, AME Cloud Ventures"""
589,$2B,356000000,"""Viola Ventures, Dell Technologies Capital, Bain Capital Ventures"""
278,$2B,357000000,"""Contour Venture Partners, Battery Ventures, Core Capital Partners"""
474,$2B,358000000,"""DataTribe, Energy Impact Partners, AllegisCyber Capital"""
918,$2B,359000000,"""Prometheus Capital, Matrix Partners China, JD Capital Management"""
323,$2B,360000000,"""Silversmith Capital Partners, Susquehanna Growth Equity, Tiger Global Management"""
729,$2B,361000000,"""Qiming Venture Partners, China Internet Investment Fund, Qualcomm Ventures"""
835,$2B,361000000,"""Draper Fisher Jurtson, Qualcomm Ventures, Alibaba Group"""
680,$2B,362000000,"""China Grand Prosperity Investment, CSC Group"""
927,$2B,362000000,"""TDK Ventures, Social Capital, D1 Capital Partners"""
467,$2B,364000000,"""Index Ventures, Temasek, Portag3 Ventures"""
535,$2B,365000000,"""Khosla Ventures, Bain Capital Ventures, Lightspeed Venture Partners"""
773,$2B,365000000,"""FirstMark Capital, Tiger Global Management, FTX Venture"""
596,$2B,365000000,"""Blackrock, capitalG, World Lab Innovation"""
267,$2B,366000000,"""Sutter Hill Ventures, Osage University Partners, Spark Capital"""
208,$2B,367000000,"""Addition, Benhcmark, Accel"""
702,$2B,368000000,"""New Enterprise Associates, Tiger Global management, Tencent"""
648,$2B,369000000,"""Qiming Venture Partners, China Broadband Capital, CDH Investments"""
1003,$2B,370000000,"""Wellington Management, Eurazeo, Citi Ventures"""
412,$2B,370000000,"""Kaszek Ventures, SOSV, Tiger Global Management"""
558,$2B,370000000,"""Andreessen Horowitz, Caffeinated Capital, SciFi VC"""
1029,$2B,371000000,"""Andreessen Horowitz, Triangle Peak Partners, Ignition Partners"""
158,$2B,371000000,"""Eight Roads Ventures, Greycroft, Ignition Partners"""
536,$2B,371000000,"""VY Capital, Accel, Elevation Capital"""
598,$2B,373000000,"""Caffeinated Capital, Obvious Ventures, Venrock"""
512,$2B,374000000,"""Founders Fund, Khosla Ventures, Goldman Sachs"""
39,$2B,376000000,"""LTW Capital, Legend Capital, Qualcomm Ventures"""
1037,$2B,376000000,"""Prime Movers Lab, Khosla Ventures, I Squared Capital"""
431,$2B,376000000,"""Sequoia Capital India, RTP Global, Go-Ventures"""
739,$2B,378000000,"""Kaszek Ventures, QED Investors, International Finance Corporation"""
499,$2B,378000000,"""Pantera Capital, QED Investors, Coinbase Ventures"""
207,$2B,379000000,"""General Atlantic, Blackstone, ICONIQ Growth"""
1069,$2B,379000000,"""K2 Ventures, Matrix Partners China, IDG Capital"""
307,$1B,379000000,"""M12, WestBridge Capital, Lightspeed Venture Partners"""
437,$1B,380000000,"""March Capital Partners, HOF Capital, Emergence Capital Partners"""
787,$1B,380000000,"""Partech Partners, Index Ventures, Quadrille Capital"""
392,$1B,381000000,"""Spark Capital, Google Ventures, CRE Venture Capital"""
182,$1B,381000000,"""Matrix Partners, Initialized Capital, Tiger Global Management"""
401,$1B,381000000,"""Insight Partners, Kibo Ventures, Bessemer Venture Partners"""
555,$1B,381000000,"""Alta Ventures Mexico, General Atlantic, SoftBank Group"""
713,$1B,382000000,"""Simon Equity Partners, Wavemaker Partners, Anthem Venture Partners"""
772,$1B,382000000,"""GGV Capital, BlackRock, ACE & Company"""
700,$1B,384000000,"""Helion Venture Partners, Tiger Global management, CRV"""
442,$1B,386000000,"""OMERS Private Equity, T. Rowe Price, Technology Crossover Ventures"""
663,$1B,388000000,"""Matrix Partners China, Sequoia Capital China, Genesis Capital"""
1068,$1B,389000000,"""Matrix Partners China, Sequoia Capital China, Hundreds Capital"""
722,$1B,390000000,"""Menlo Ventures, Resolute Ventures, IA Ventures"""
444,$1B,390000000,"""Norwest Venture Partners, Aspect Ventures, Lightspeed Venture Partners"""
888,$1B,390000000,"""Valor Capital Group, Lightrock, Softbank Group"""
366,$1B,390000000,"""Trustbridge Partners, Hony Capital, IDG Capital"""
915,$1B,391000000,"""Bertelsmann Asia Investments, Sequoia Capital China, NIO Capital"""
339,$1B,393000000,"""Tiger Global Management, Sequoia Capital India, Ribbit Capital"""
656,$1B,393000000,"""Astanor Ventures, Upfront Ventures, IDInvest Partners"""
659,$1B,394000000,"""Geely, SIG Asia Investments, China State Capital Venture Capital Fund"""
631,$1B,394000000,"""Warburg Pincus, Summit Partners, Sands Capital"""
275,$1B,395000000,"""Vertex Ventures Israel, Bessemer Venture Partners, Emerge"""
807,$1B,396000000,"""China Reform Fund, Gaopeng Capital, Jinhui Xingye"""
985,$1B,396000000,"""Lakestar, Battery Ventures, New Enterprise Associates"""
466,$1B,397000000,"""IMM Investment, NXC"""
524,$1B,397000000,"""Foundation Capital, Institutional Venture Partners, General Catalyst"""
296,$1B,398000000,"""BOLDstart Ventures, Lerer Hippeau, Kenetic Capital"""
735,$1B,399000000,"""SignalFire, GLP Capital Partners, Google Ventures"""
309,$1B,399000000,"""Thrive Capital, Alliance Consumer Growth, Imaginary Ventures"""
577,$1B,3000000000,"""Obvious Ventures, Qualcomm Ventures, Andreessen Horowitz"""
23,$1B,3000000000,"""Accel, Softbank Group, Anthos Capital"""
105,$1B,3000000000,"""IDG Capital, Bank Of China Group Investment,, SDIC CMC Investment Management"""
9,$1B,3000000000,"""Andreessen Horowitz, New Enterprise Associates, Battery Ventures"""
46,$1B,3000000000,"""Sequoia Capital China, Xiang He Capital, GGV Capital"""
7,$1B,3000000000,"""Khosla Ventures, Kleiner Perkins Caufield & Byers, Collaborative Fund"""
48,$1B,3000000000,"""SoftBank Group, Sequoia Capital India,Lightspeed India Partners"""
502,$1B,400000000,"""Andreessen Horowitz, Google Ventures, Section 32"""
28,$1B,400000000,"""General Catalyst, Institutional Venture Partners, Breyer Capital"""
516,$1B,401000000,"""Sequoia Capital China, Banyan Capital"""
438,$1B,401000000,"""Menlo Ventures, GGV Capital, Flybridge Capital Partners"""
501,$1B,402000000,"""Expa, QED Investors, Foundation Capital"""
473,$1B,403000000,"""Alta Partners, Questa Capital, Echo Health Venturesl"""
465,$1B,403000000,"""Yabeo Capital, SBI Investment, Vulcan Capital"""
1044,$1B,403000000,"""British Patient Capital, SEB Venture Capital, IQ Capital"""
818,$1B,404000000,"""Khosla Ventures, General Catalyst, Blumberg Capital"""
195,$1B,404000000,"""NextView Ventures, Promus Ventures, Two Sigma Ventures"""
125,$1B,405000000,"""Pine Brook, American Express Ventures, Kleiner Perkins Caufield & Byers"""
885,$1B,406000000,"""Franklin Templeton, Motive Partners, Apollo Global Management"""
689,$1B,407000000,"""Seaya Ventures, Otter Rock Capital, Rakuten"""
288,$1B,407000000,"""Sequoia Capital, Google Ventures, Accel"""
280,$1B,407000000,"""Foundry Group, General Atlantic, BlackRock"""
843,$1B,408000000,"""Bain Capital, Altos Ventures, Songhyun Investment"""
256,$1B,408000000,"""Goldman Sachs, VebVentures, Insight Partners"""
582,$1B,408000000,"""Eight Roads Ventures, One Peak Partners, Creandum"""
745,$1B,408000000,"""LocalGlobe, Kinnevik, Felix Capital"""
559,$1B,410000000,"""Lightspeed Venture Partners, Redpoint Ventures, Norwest Venture Partners"""
590,$1B,410000000,"""Japan Post Capital, Globis Capital Partners, Atomico"""
124,$1B,412000000,"""Thrive Capital, Benchmark, MenloVentures"""
233,$1B,413000000,"""Index Ventures, Thrive Capital, CRV"""
209,$1B,414000000,"""Andreessen Horowitz, Amplify Partners, Sequoia Capital"""
284,$1B,414000000,"""Index Ventures, Coatue Management, Andreessen Horowitz"""
119,$1B,415000000,"""Battery Ventures, Storm Ventures, Redpoint Ventures"""
1016,$1B,416000000,"""Fasanara Capital, Tiger Global Management, Baleen Capital"""
291,$1B,417000000,KKR
371,$1B,417000000,"""Oak HC/FT Partners, GF Investments, Harvey Golub Family Office"""
488,$1B,417000000,"""Google Ventures, Index Ventures, Scale Venture Partners"""
245,$1B,418000000,Rhone Capital
435,$1B,419000000,"""T. Rowe Price, Lockheed Martin Ventures, Fidelity Investment"""
346,$1B,419000000,"""Accel, Summit Partners, Google Ventures"""
445,$1B,421000000,"""Insight Venture Partners, ICONIQ Capital, Launchpad Venture Group"""
539,$1B,422000000,"""Global Founders Capital, Aglae Ventures, Alven Capital"""
500,$1B,422000000,"""Bain Capital Ventures, Sixth Street Growth, Lightspeed Venture Partners"""
497,$1B,423000000,"""Softbank Group, AME Cloud Ventures, SignalFire"""
99,$1B,424000000,"""Morgan Creek Digital, Marcy Venture Partners, 10T Fund"""
981,$1B,424000000,"""General Atlantic, Elevation Capital, BEENEXT"""
159,$1B,425000000,"""Insight Partners, Andalusian Capital Partners"""
150,$1B,426000000,"""Venrock, Battery Ventures, Insight Partners"""
710,$1B,426000000,"""Goodwater Capital, Entree Capital, Valar Ventures"""
348,$1B,427000000,"""Jackson Square Ventures, General Atlantic, Lightspeed Venture Partners"""
27,$1B,427000000,"""Andreessen Horowitz, Thirty Five Ventures, Sound Ventures"""
776,$1B,427000000,"""Jungle Ventures, Helion Venture Partners, INGKA Investments"""
145,$1B,428000000,"""Creandum, Founders, Kinnevik"""
775,$1B,430000000,"""GGV Capital, Tiger Global Management, Greycroft"""
385,$1B,431000000,"""Mithril, iNovia Capital, Foundry Group"""
597,$1B,432000000,"""ClalTech, Vertex Ventures, Oryzn Capital"""
685,$1B,432000000,Taigang Venture Capital
112,$1B,433000000,"""Nexus Venture Partners, CRV, Insight Partners"""
829,$1B,433000000,The Carlyle Group
553,$1B,433000000,"""Highland Capital Partners, Oak HC/FT Partners, Emergence Capital Partners"""
492,$1B,434000000,"""Goodwater Capital, Warburg Pincus, GS Growth"""
183,$1B,434000000,"""Kleiner Perkins Caufield & Byers, Lightspeed Venture Partners, True Ventures"""
188,$1B,435000000,"""Airbus Ventures, Index Ventures, Advent International"""
402,$1B,435000000,"""Kalaari Capital, Norwest Venture Partners, Prosus Ventures"""
419,$1B,435000000,"""Fifty Years Fund, Refactor Capital, Temasek"""
715,$1B,436000000,"""Bessemer Venture Partners, Vintage Investment Partners, Blumberg Capital"""
543,$1B,438000000,"""DCM Ventures, IDG Capital, Siam Commercial Bank"""
923,$1B,439000000,"""Volcanics Ventures, Vertex Ventures China, Warburg Pincus"""
638,$1B,43000000,Qiming Venture Partners
660,$1B,440000000,"""Khosla Ventures, Horizons Ventures, Founders Fund"""
199,$1B,440000000,"""Bessemer Venture Partners, Insight Partners, New Era Ventures"""
525,$1B,441000000,"""SoftBank Group, SAIF Partners India, Valiant Capital Partners"""
458,$1B,445000000,"""Cybernaut Growth Fund, IDG Capital"""
236,$1B,445000000,"""SoftBank Group, Norwest Venture Partners"""
90,$1B,447000000,"""Initialized Capital, Y Combinator, Kleiner Perkins Caufield & Byers"""
108,$1B,448000000,"""Runa Capital, Acton Capital Partners, Point Nine Capital"""
575,$1B,448000000,"""SEED Capital, Greyhound Capital, Socii Capital"""
767,$1B,448000000,"""Sequoia Capital India, Hillhouse Capital Management, Sunley House Capital Management"""
984,$1B,449000000,"""U.S. Venture Partners, dRx Capital, Andreessen Horowitz"""
548,$1B,449000000,"""Accel Partners, Index Ventures, Insight Venture Partners"""
238,$1B,450000000,"""Andreessen Horowitz, Thrive Capital, Sound Ventures"""
532,$1B,450000000,"""Point72 Ventures, Pelion Venture Partners, Commerce Ventures"""
562,$1B,450000000,"""Breega Capital, Iris Capital, 360 Capital Partners"""
453,$1B,450000000,"""Mayfield Fund, Shasta Ventures, L Catterton"""
699,$1B,456000000,"""Sequoia Capital India, Tiger Global Management, Tencent"""
557,$1B,456000000,"""8VC, Activant Capital, GLP Capital Partners"""
808,$1B,458000000,"""Intact Ventures, Munich Re Ventures, General Atlantic"""
759,$1B,45000000,"""Trane Technologies, Honeywell"""
357,$1B,45000000,"""DeFi Technologies, Hypersphere Ventures, M13"""
922,$1B,45000000,"""Polychain Capital, Paradigm, Ribbit Capital"""
905,$1B,460000000,"""FTV Capital, Endeavor"""
300,$1B,461000000,"""Institutional Venture Partners, New Enterprise Associates, Javelin Venture Partners"""
151,$1B,462000000,"""Oak HC/FT Partners, Artis Ventures, WestCap Group"""
976,$1B,463000000,"""Danone Manifesto Ventures, 1955 Capital, Breakthrough Energy Ventures"""
268,$1B,465000000,"""The Blue Venture Fund, Flare Capital Partners, Longitude Capital"""
406,$1B,466000000,"""Digital Currency Group, Draper Esprit, Korelya Capital"""
298,$1B,468000000,"""Makers Fund, Index Ventures, Inova Ventures Participacees"""
179,$1B,468000000,"""Insight Partners, Tiger Global Management, Accel"""
242,$1B,471000000,"""Jungle Ventures, Accel, Venture Highway"""
387,$1B,472000000,"""Tencent Holdings, Delta Capital, Redpoint Ventures China"""
496,$1B,474000000,"""Blumberg Capital, American Express Ventures, BDC Venture Capital"""
336,$1B,474000000,"""Green Visor Capital, CRE Venture Capital, Greycroft"""
727,$1B,475000000,"""MHS Capital, NextView Ventures, Mayfield Fund"""
560,$1B,475000000,"""Nexus Venture Partners, Tenaya Capital, Sequoia Capital"""
318,$1B,475000000,"""Susquehanna Growth Equity, Citi Ventures, ICONIQ Capital"""
581,$1B,475000000,"""Insight Partners, Warburg Pincus, Ayala Corporation"""
18,$1B,476000000,"""Accel, AltaIR Capital, Technology Crossover Ventures"""
193,$1B,477000000,"""NewView Capital, Maveron, Ridge Ventures"""
358,$1B,477000000,"""Octopus Ventures, Munich Re Ventures, CommerzVentures"""
757,$1B,482000000,"""Madrona Venture Group, Banner Ventures, FJ Labs"""
302,$1B,483000000,"""Artiman Ventures, Plug and Play Ventures, Anthos Capital"""
311,$1B,483000000,"""Sequoia Capital, Baillie Gifford & Co., Google Ventures"""
1013,$1B,484000000,"""Alpargatas, GS Growth, Lightspeed Venture Partners"""
537,$1B,487000000,"""Square Peg Capital, TDM Growth Partners, Tiger Global Management"""
326,$1B,487000000,"""Andreessen Horowitz, Blockchain Capital, Lux Capital"""
190,$1B,489000000,"""Mayfield Fund, M12, Trinity Ventures"""
955,$1B,489000000,"""3one4 Capital Partners, Bertelsmann India Investments, Vertex Ventures SE Asia"""
24,$1B,490000000,"""Lightspeed Venture Partners, Google Ventures, Lakestar"""
133,$1B,492000000,"""Warmsun Holding, IDG Capital Partners"""
1067,$1B,492000000,"""RRE Ventures+, Highland Capital Partners, The Carlyle Group"""
197,$1B,493000000,"""Upfront Ventures, Webb Investment Network, D1 Capital Partners"""
213,$1B,495000000,"""Google Ventures, Battery Ventures, DST Global"""
533,$1B,496000000,"""Accel, frst, Kima Ventures"""
721,$1B,496000000,"""Green Pine Capital Partners, Ivy Capital, DCM Ventures"""
506,$1B,550000000,General Atlantic
276,$1B,496000000,"""Sequoia Capital, Bain Capital Ventures, enaya Capital"""
347,$1B,496000000,"""Index Ventures, Sequoia Capital, General Catalyst"""
59,$1B,497000000,"""DJF, Salesforce Ventures, Storm Ventures"""
486,$1B,497000000,"""Temasek, Google Ventures, General Catalyst"""
142,$1B,497000000,"""General Catalyst, Viking Global Investors, T. Rowe Price"""
447,$1B,498000000,"""Norwest Venture Partners, Hillsven Capital, Aleph"""
196,$1B,498000000,"""Lightspeed Venture Partners, Redpoint Ventures, Viking Global Investors"""
52,$1B,4000000000,"""Sequoia Capital China, GX Capital"""
15,$1B,4000000000,"""Tencent Holdings, Lightspeed India Partners, Sequoia Capital India"""
13,$1B,4000000000,"""SoftBank Group, Andreessen Horowitz, Temasek Holdings"""
19,$1B,4000000000,"""Tencent Holdings, Warbug Pincus, IDG Capital"""
30,$1B,4000000000,"""Vattenfall, Volkswagen Group, Goldman Sachs"""
89,$1B,4000000000,"""Accel Partners, SoftBank Group, Sequoia Capital"""
166,$1B,4000000000,"""Baidu Capital, Linear Venture, Tencent"""
29,$1B,4000000000,"""Volkswagen Group, Ford Autonomous Vehicles"""
4,$1B,4000000000,"""Institutional Venture Partners, Sequoia Capital, General Atlantic"""
324,$1B,500000000,Iconiq Capital
257,$1B,500000000,"""Warburg Pincus, General Catalyst"""
165,$1B,503000000,"""China Life Insurance, China Development Bank Capital, CITIC Securities International"""
359,$1B,503000000,SoftBank Group
576,$1B,503000000,"""Qiming Venture Partners, Capital Today, General Atlantic"""
230,$1B,504000000,"""Accel, Aleph, American Express Ventures"""
948,$1B,504000000,"""CE-Ventures, BECO Capital, Nordstar"""
180,$1B,505000000,"""Two Sigma Ventures, Flint Capital, Commerce Ventures"""
573,$1B,507000000,"""Qualcomm Ventures, SoftBank Group, Monashees+"""
530,$1B,507000000,"""GSR Ventures, Sapphire Ventures, Streamlined Ventures"""
283,$1B,507000000,"""Insight Partners, Salesforce Ventures, Vertex Ventures"""
520,$1B,507000000,"""e.ventures, Bain Capital Ventures, Greycroft"""
495,$1B,509000000,"""General Catalyst, Eleation Capital, Avenir Growth Capital"""
696,$1B,509000000,"""EQT Partners, Blackstone"""
711,$1B,511000000,"""BNP Paribas, Goldman Sachs, Google"""
678,$1B,511000000,"""Source Code Capital, Meituan Dianping, Tencent Holdings"""
132,$1B,514000000,"""Oriza Holdings, Guangdong Technology Financial Group"""
986,$1B,515000000,"""Temasek, Guggenheim Investments, Qatar Investment Authority"""
1056,$1B,516000000,"""Vostok New Ventures, The Raine Group, Balderton Capital"""
469,$1B,517000000,"""Tencent Holdings, Goldman Sachs"""
566,$1B,517000000,"""Zheshang Venture Capital, GP Capital, Western Capital Management"""
1047,$1B,51000000,GCP Capital Partners
992,$1B,51000000,"""Rembrandt Venture Partners, M12, Altos Ventures"""
762,$1B,520000000,"""Cool Japan Fund, JAFCO, The Carlyle Group"""
706,$1B,521000000,"""Sequoia Capital India, Lightbox Ventures, Coatue Management"""
221,$1B,523000000,"""Fifth Wall Ventures, Energize Ventures, ICONIQ Capital"""
564,$1B,523000000,"""Tiantu Capital, CMB International Capital, Vision Knight Capital"""
329,$1B,523000000,"""Brookfield Asset Management, Blackstone, Data Collective"""
608,$1B,523000000,"""V Star Capital, GF Xinde Investment Management Co., Haitong Leading Capital Management"""
116,$1B,524000000,"""Global Founders Capital, Nortzone Ventures, Picus Capital"""
859,$1B,524000000,"""Jackson Square Ventures, Greenoaks Capital Management, Softbank Group"""
504,$1B,525000000,"""General Atlantic, SoftBank Group, Atomico"""
337,$1B,525000000,"""Sequoia Capital Israel, Scale Venture Partners, Commerce Ventures"""
879,$1B,526000000,"""8VC, Liberty Strategic Capital, Eden Global Partners"""
578,$1B,527000000,"""Accel, D1 Capita Partners, Greenoaks Capital Management"""
527,$1B,529000000,"""Accel, Passion Capital, Balderton Capital"""
629,$1B,52000000,
260,$1B,531000000,"""Fairfax Financial Holdings, A91 Partners, TVS Capital"""
692,$1B,532000000,"""Orange Digital Ventures, Access Industries"""
259,$1B,532000000,"""Aspect Ventures, SingTel Innov8, Greylock Partners"""
867,$1B,534000000,"""Vista Equity Partners, Warburg Pincus, First Ascent Ventures"""
338,$1B,535000000,"""Lightspeed Venture Partners, Lead Edge Capital, Coatue Management"""
225,$1B,535000000,"""Georgian Partners, Craft Ventures"""
362,$1B,536000000,"""Shunwei Capital Partners, China Media Group, Guangzhou Huiyin Aofeng Equity Investment Fund"""
541,$1B,536000000,"""Vision Plus Capital, GSR Ventures, ZhenFund"""
883,$1B,538000000,"""Union Square Ventures, Summerhill Venture Partners, Mithril Capital Management"""
450,$1B,538000000,"""Liberty City Ventures, RRE Ventures, Mithril Capital Management"""
838,$1B,53000000,"""Beijing Juneng Hesheng Industry Investment Fund, Beijing Shuju Xinrong Fund"""
181,$1B,542000000,"""General Catalyst, HCA Healthcare"""
479,$1B,542000000,"""Tao Capital Partners, Global Asset Capital, Tiger Global Management"""
286,$1B,543000000,"""Sequoia Capital India, Kae Capital, Accel"""
432,$1B,544000000,"""Soros Fund Management, Ribbit Capital, Monashees+"""
570,$1B,545000000,"""Insight Partners, TPG Alternative & Renewable Technologies, Ireland Strategic Investment Fund"""
1020,$1B,545000000,"""Griffin Gaming Partners, Andreessen Horowitz, Battery Ventures"""
216,$1B,546000000,"""Speedinvest, Valar Ventures, Uniqa Ventures"""
607,$1B,547000000,"""Blue Label Telecoms, Net1 UEPS Technologies"""
900,$1B,549000000,"""Standard Chartered, FinSight Ventures, Affirma Capital"""
77,$1B,549000000,"""01 Advisors, Zeev Ventures, Group 11"""
244,$1B,54000000,"""Tiger Global Management, Kalaari Capital"""
569,$1B,550000000,"""Meritech Capital Partners, Tiger Global Management, Spectrum Equity"""
313,$1B,551000000,"""Point72 Ventures, Route 66 Ventures, Accel"""
235,$1B,553000000,"""Greylock Partners, Lightspeed Venture Partners, Khosla Ventures"""
654,$1B,554000000,"""Source Code Capital, Global Logistic Properties, K2VC"""
177,$1B,555000000,"""New Enterprise Associates, Coatue Management, Tiger Global Management"""
373,$1B,556000000,"""IFC, Ajinomoto"""
487,$1B,557000000,"""Relay Ventures, TTV Capital, Canapi Ventures"""
42,$1B,558000000,"""Tencent Holdings, Hillhouse Capital Management, Yunfeng Capital"""
299,$1B,558000000,"""Data Collective, Formation 8, General Catalyst Partners"""
141,$1B,559000000,"""Y Combinator, Accel, T. Rowe Price"""
137,$1B,562000000,"""Accel, Insight Partners, Burda Principal Investments"""
51,$1B,564000000,"""DFJ Growth Fund, Coatue Management, Addition"""
586,$1B,566000000,"""next47, MaC Venture Capital, FinVC"""
144,$1B,567000000,"""Threshold Ventures, Lightspeed Venture Partners, Crosslink Capital"""
389,$1B,568000000,"""BlueCross BlueShield Venture Partners, US Venture Partners"""
572,$1B,569000000,"""Index Ventures, Creandum, Accel"""
585,$1B,570000000,"""Sequoia Capital China, Source Code Capital, Redpoint Ventures China"""
887,$1B,570000000,"""Thrive Capital, Durable Capital Partners, G Squared"""
5,$1B,572000000,"""Sequoia Capital China, Blackbird Ventures, Matrix Partners"""
677,$1B,572000000,"""Morningside Ventures, Capital Today, JOY Capital"""
49,$1B,572000000,"""KKR, ES Ventures, North Bridge Growth Equity"""
793,$1B,573000000,"""Norwest Venture Partners, Investcorp, Blackstone"""
470,$1B,577000000,"""Gobi Partners, 500 Startups, Ondine Capital"""
261,$1B,582000000,"""Greycroft, Loeb.NYC, DST Global"""
295,$1B,583000000,"""General Atlantic, Insight Partners, Vintage Investment Partners"""
95,$1B,583000000,"""Norwest Venture Partners, Next World Capital, Wing Venture Capital"""
1053,$1B,585000000,"""Zeev Ventures, Bond, Fifth Wall Ventures"""
594,$1B,587000000,"""Northzone Ventures, White Star Capital, Novator Partners"""
120,$1B,587000000,"""Union Square Ventures, Ribbit Capital, VY Capital"""
974,$1B,588000000,"""Innova Capital - FIP, 3G Capital Management, Prosus Ventures"""
306,$1B,591000000,"""Sequoia Capital India, Softbank, Bertelsmann India Investments"""
939,$1B,592000000,"""Movile, Just Eat, Naspers"""
526,$1B,593000000,"""Cherry Ventures, Northzone Ventures, Global Founders Capital"""
754,$1B,594000000,"""Sequoia Capital China, CMC Capital Partners, Tencent Holdings"""
376,$1B,594000000,"""Sequoia Capital China, Tencent Investment, BA Capital"""
889,$1B,595000000,"""SingTel Innov8, Alpha JWC Ventures, Golden Gate Ventures"""
148,$1B,596000000,"""Index Ventures, Battery Ventures, ICONIQ Capital"""
157,$1B,599000000,"""Capital One Growth Ventures, Citi Ventures, OMERS Ventures"""
519,$1B,599000000,"""btov Partners, Geely, Intel Capital"""
41,$1B,5000000000,"""Accel India, SAIF Partners, Norwest Venture Partners"""
43,$1B,5000000000,"""Aviation Industry Corporation of China, Essence Financial, Jiangsu Sha Steel Group"""
16,$1B,5000000000,"""Hillhouse Capital Management, Boyu Capital, Sequoia Capital China"""
38,$1B,5000000000,"""KKR, Tencent Holdings, Sequoia Capital China"""
312,$1B,600000000,"""Insight Partners, Sequoia Capital India, BEENEXT"""
940,$1B,600000000,"""Atomico, Hanaco Venture Capital, TriplePoint Capital"""
127,$1B,600000000,"""Insight Partners, Sequoia Capital, Index Ventures"""
94,$1B,603000000,"""Accel, Y Combinator, Index Ventures"""
205,$1B,603000000,"""Casa Verde Capital, Gron Ventures, Thrity Five Ventures"""
270,$1B,607000000,"""Chiratae Ventures, March Capital Partners, National Grid Partners"""
75,$1B,607000000,"""Union Square Ventures, Venrock, Andreessen Horowitz"""
993,$1B,60000000,"""One Luxury Group, Eurazeo"""
744,$1B,610000000,Undisclosed
341,$1B,612000000,"""Matrix Partners China, Bright Venture Capita, Shenzhen Capital Group"""
472,$1B,612000000,"""Alpha Wave Global, Matrix Partners India, Tiger Global Management"""
571,$1B,614000000,"""Bertelsmann Asia Investments, GGV Capital, Morningside Venture Capital"""
228,$1B,614000000,"""New Enterprise Associates, Sequoia Capital, Comcast Ventures"""
1073,$1B,620000000,"""Novator Partners, True, Causeway Media Partners"""
1040,$1B,623000000,"""China Everbright Limited, IDG Capital, iFLYTEK"""
460,$1B,624000000,Carsales
316,$1B,628000000,"""Dragoneer Investment Group, DST Global, Franklin Templeton"""
320,$1B,628000000,"""Kaszek Ventures, Qualcomm Ventures, Accel"""
107,$1B,629000000,"""Andreessen Horowitz, Spark Capital, Y Combinator"""
605,$1B,62000000,"""Lindeman Asia Investment, Nichi-Iko Pharmaceutical"""
1006,$1B,62000000,"""Union Square Ventures, Altos Ventures, Costanoa Ventures"""
666,$1B,632000000,"""YL Ventures, Redpoint Ventures, GGV Capital"""
736,$1B,633000000,"""York Capital Management, GE Healthcare, Koch Disruptive Technologies"""
156,$1B,633000000,"""Google Ventures, Benchmark, FirstMark Capital"""
372,$1B,634000000,"""Info Edge, Softbank Capital"""
544,$1B,640000000,"""Upfront Ventures, Tao Capital Partners, Andreessen Horowitz"""
378,$1B,640000000,"""Bessemer Venture Partners, MoreVC, Team8"""
184,$1B,643000000,"""Madrona Venture Group, Shasta Ventures, Salesforce Ventures"""
135,$1B,644000000,"""Two Sigma Ventures, Flint Capital, Commerce Ventures"""
102,$1B,645000000,Barter Ventures
143,$1B,647000000,"""Alven Capital, FirstMark Capital, capitalG"""
869,$1B,64000000,"""Lemniscap VC, North Island Ventures, Polychain Capital"""
674,$1B,650000000,"""Warburg Pincus, Aviation Industry Corporation of China"""
627,$1B,650000000,"""Sequoia Capital China, InnoVision Capital, Qianhai Fund of Funds"""
977,$1B,655000000,"""JOY Capital, NIO Capital, Blueflame Capital"""
167,$1B,655000000,"""Accel, Technology Crossover Ventures, LeapFrog Investments"""
821,$1B,656000000,"""Spark Capital, Highland Europe, Sunstone Capital"""
198,$1B,657000000,"""Qualcomm Ventures, Samsung Ventures, Silver Lake"""
655,$1B,658000000,"""Eastern Bell Capital, Capital Today, Longzhu Capital"""
546,$1B,658000000,"""RRE Ventures, Tiger Global, August Capital"""
661,$1B,660000000,"""T. Rowe Price, Dragoneer Investment Group, BlackRock"""
80,$1B,660000000,"""D1 Capital Partners, Stripe, Coatue Management"""
253,$1B,660000000,"""SoftBank Group, Sequoia Capital, Wing Venture Capital"""
100,$1B,660000000,"""Third Point, Electric Capital, Coinbase Ventures"""
483,$1B,663000000,"""Eurazeo, IDInvest Partners, Balderton Capital"""
214,$1B,664000000,"""Lightspeed Venture Partners, Khosla Ventures, Geodesic Capital"""
669,$1B,665000000,"""Chiratae Ventures, Accel, Kalaari Capital"""
315,$1B,665000000,"""Playground Global, M12, BlackRock"""
297,$1B,666000000,"""Greylock Partners, capitalG, Y Combinator"""
222,$1B,667000000,"""New Enterprise Associates, Pear, Cowboy Ventures"""
515,$1B,676000000,"""8VC, D1 Capital Partners, Sway Ventures"""
68,$1B,679000000,"""Summit Partners, Accel, Astral Capital"""
726,$1B,67000000,Goldman Sachs
904,$1B,682000000,"""Tencent Holdings, DCM Ventures"""
441,$1B,682000000,"""Google Ventures, Sequoia Capital, Wakefield Group"""
301,$1B,682000000,"""Dell Technologies Capital, Pitango Venture Capital, Amadeus Capital Partners"""
919,$1B,685000000,"""TPG Capital, Apax Partners, TA Associates"""
263,$1B,685000000,"""DN Capital, Left Lane Capital, Coatue Management"""
140,$1B,691000000,"""Andreessen Horowitz, Founders Fund, Revolution Ventures"""
55,$1B,691000000,"""General Catalyst Partners, Google Ventures, Kleiner Perkins Caufield & Byers"""
377,$1B,696000000,CPP Investment Board
871,$1B,697000000,"""Yunfeng Capital, SDIC Innovation Investment Management, Shang Qi Capital"""
310,$1B,698000000,"""Tiger Global, Sequoia Capital, Google Capital"""
613,$1B,700000000,"""Nextech Invest, Casdin Capital, Google Ventures"""
163,$1B,704000000,"""Alven Capital, Valar Ventures, Tencent Holdings"""
277,$1B,706000000,"""General Atlantic, Piton Capital, Partech Partners"""
1059,$1B,70000000,"""Kleiner Perkins Caufield & Byers, Sequoia Capital"""
503,$1B,710000000,"""Eastern Bell Capital 32, SDIC CMC Investment Management, Trustbridge Partners"""
330,$1B,711000000,"""General Catalyst, Digital Currency Group, Accel"""
254,$1B,714000000,"""SoftBank Group, CRV, Spark Capital"""
367,$1B,717000000,"""Lightspeed China Partners, Baidu Ventures, Qiming Venture Partners"""
399,$1B,719000000,"""New Enterprise Associates, Founders Fund, Google Ventures"""
61,$1B,71000000,"""Qualcomm Ventures, Woori Investment, Hanwha Investment & Securities"""
375,$1B,71000000,"""China Creation Ventures, Sierra Ventures, Xingwang Investment Management"""
716,$1B,720000000,"""Propel Venture Partners, Monashees+, BBVA"""
224,$1B,720000000,"""Benchmark, Foundation Capital, Sequoia Capital"""
22,$1B,721000000,"""Sequoia Capital China, Longfor Capitalm, Gaorong Capital"""
720,$1B,722000000,"""Sequoia Capital China, Goldman Sachs, Matrix Partners China"""
322,$1B,722000000,"""Founders Fund, Quantum Energy Partners, Bedrock Capital"""
279,$1B,722000000,"""Insight Partners, Jackson Square Ventures, Liberty Gloval Ventures"""
111,$1B,728000000,"""Matrix Partners, Andreessen Horowitz, General Catalyst"""
126,$1B,729000000,"""BlackRock, Blackstone, UBS"""
269,$1B,730000000,"""Accel, Bain Capital Ventures, Insight Partners"""
25,$1B,734000000,"""New Enterprise Associates, Spar Capital, Index Ventures"""
160,$1B,734000000,"""Matrix Partners India, Falcon Edge Capital, SoftBank Group"""
731,$1B,738000000,"""SWaN & Legend Ventures, Revolution Growth, Invus Group"""
202,$1B,739000000,"""Benchmark, Accel, SoftBank Group"""
74,$1B,742000000,"""Sequoia Capital India, Tiger Global Management, Matrix Partners India"""
439,$1B,744000000,"""People Electrical Appliance Group China, Zhongrong International Trust"""
379,$1B,754000000,"""Andreessen Horowitz, SoftBank Group, Temasek Holdings"""
154,$1B,755000000,"""Kaszek Ventures, General Atlantic, SoftBank Group"""
423,$1B,755000000,"""GGV Capital, QiMing Venture Partnersl"""
262,$1B,75000000,"""Tiger Global Management, The Raine Group, Malabar Investments"""
219,$1B,761000000,"""China Health Industry Investment Fund, China Renaissance, and Sequoia Capital China"""
161,$1B,761000000,"""SoftBank Group, Tiger Global Management, Matrix Partners India"""
36,$1B,765000000,"""Coatue Management, Sequoia Capital China, IDG Capital"""
384,$1B,766000000,"""Cherry Ventures, Felix Capital, 83North"""
599,$1B,768000000,"""JD.com, Baidu, Vision Plus Capital"""
20,$1B,770000000,"""Target Global, General Catalyst, Durable Capital Partners"""
241,$1B,770000000,"""Sequoia Capital China, DST Global, DST Global"""
69,$1B,770000000,"""Nintendo, Google, Pokemon Company International, Spark Capital"""
333,$1B,775000000,"""Battery Ventures, Andreessen Horowitz, Ribbit Capital"""
246,$1B,775000000,"""Sequoia Capital China, Sina Weibo, Kleiner Perkins Caufield & Byers, Redpoint Ventures"""
70,$1B,775000000,"""Andreessen Horowitz, Nor-Cal Invest, TPG Growth"""
174,$1B,776000000,"""Chiratae Ventures, PremjiInvest, Softbank"""
294,$1B,777000000,"""83North, RiverPark Ventures, Pitango Venture Capital"""
601,$1B,786000000,"""Tencent Holdings, 5Y Capital, Sequoia Capital China"""
795,$1B,787000000,"""Russia-China Investment Fund, Tencent Holdings, Sequoia Capital China"""
319,$1B,788000000,"""Monashees+, Andreessen Horowitz, QED Investors"""
292,$1B,999000000,"""Greycroft, Sands Capital, Revolution Growth"""
274,$1B,789000000,"""Blume Ventures, Nexus Venture Partners, Sequoia Capital India"""
538,$1B,791000000,"""JTC Group, Qatar Investment Authority, Fidelity Investment"""
478,$1B,792000000,"""Thrive Capital, Tiger Global Management, Temasek"""
1072,$1B,792000000,"""IAG Capital Partners, Augmentum Fintech, Northzone Ventures"""
200,$1B,792000000,"""Breakthrough Energy Ventures, Capricorn Investment Group, Valor Equity Partners"""
498,$1B,792000000,"""Jiangsu Sha Steel Group, Shanghai Puyin Industry, Funa Yuanchuang Technology"""
35,$1B,799000000,"""Vickers Venture Partners, IKEA GreenTech"""
903,$1B,79000000,"""Multicoin Capital, Coatue Management, Dragonfly Capital Partners"""
610,$1B,79000000,"""DESUN Capital, Yunfeng Capital, Meridian Capital"""
11,$1B,7000000000,"""Tencent Holdings, KKR, Smash Ventures"""
1,$1B,7000000000,"""Founders Fund, Draper Fisher Jurvetson, Rothenberg Ventures"""
932,$1B,800000000,"""Khosla Ventures,General Catalyst, Victory Park Capital"""
653,$1B,800000000,"""Alibaba Group, KKR, Goldman Sachs"""
874,$1B,800000000,"""Ardian, Bain Capital"""
37,$1B,800000000,"""New Enterprise Associates, BDT Capital Partners, Davidson Kempner Capital Management"""
106,$1B,802000000,"""DST Global, Sequoia Capital China, Tencent Holdings"""
117,$1B,803000000,"""Blackstone, Technology Crossover Ventures, Summit Partners"""
1071,$1B,80000000,"""Xingwang Investment Management, China Capital Investment Group, Matrix Partners China"""
305,$1B,812000000,"""Highland Europe, Eurazeo, Canaan Partners"""
110,$1B,815000000,"""BPI France, Kerala Ventures, Accel"""
281,$1B,818000000,"""Emergence Capital Partners, 8VC, Chicago Ventures"""
81,$1B,820000000,"""New Enterprise Associates, T. Rowe Associates, Lightbank"""
152,$1B,824000000,"""Kaszek Ventures, Amadeus Capital Partners, Quona Capital"""
122,$1B,826000000,"""Atomico, Insight Partners, Coatue Management"""
403,$1B,828000000,"""Volkswagen, Access Industries, Vostok New Ventures"""
92,$1B,844000000,"""Bessemer Venture Partners, Qualcomm Ventures, Kleiner Perkins Caufield & Byers"""
98,$1B,849000000,"""General Atlantic, Goldman Sachs, New Enterprise Associates"""
232,$1B,856000000,"""Drive Capital, General Catalyst, Ascension Ventures"""
247,$1B,859000000,"""Insight Venture Partners, Lowercase Capital, Polaris Partners"""
388,$1B,861000000,"""Notion Capital, Scentan Ventures, Kite Ventures"""
88,$1B,863000000,"""NextView Ventures, Eniac Ventures, Sequoia Capital"""
218,$1B,864000000,"""Goodwater Capital, iFly, XVC Venture Capital"""
178,$1B,864000000,"""WestCap Group, Caisse de depot et placement du Quebec"""
128,$1B,869000000,"""Falcon Edge Capital, Omidyar Network, Sequoia Capital India"""
851,$1B,86000000,"""Intel Capital, Aviv Venture Capital"""
853,$1B,86000000,"""Goldman Sachs Asset Management, SDP Investment, Alibaba Group"""
227,$1B,870000000,"""Blackrock, Kleiner Perkins Caulfield & Byers, Google Ventures"""
1061,$1B,871000000,"""Sequoia Capital China, ING, Alibaba Entrepreneurs Fund"""
799,$1B,875000000,"""Qiming Venture Partners, Yaxia Automobile, Far East Horizon"""
293,$1B,880000000,"""Bessemer Venture Partners, Sutter Hill Ventures, Matrix Partners"""
231,$1B,881000000,"""Zeev Ventures, Ribbit Capital, TLV Partners"""
114,$1B,891000000,"""Thrive Capital, Maverick Ventures, Redpoint Ventures"""
0,$1B,8000000000,"""Sequoia Capital China, SIG Asia Investments, Sina Weibo, Softbank Group"""
463,$1B,902000000,"""Kibo Ventures, SoftBank Group, Atomico"""
162,$1B,903000000,"""Sequoia Capital India, Temasek, PayPal Ventures"""
433,$1B,90000000,"""Sequoia Capital China, Warburg Pincus, IDG Capital"""
836,$1B,90000000,"""Mangrove Capital Partners,14W, ForgeLight"""
668,$1B,910000000,"""Iris Capital, Accel, Elaia Partners"""
123,$1B,910000000,"""Greylock Partners, Venrock, Providence Ventures"""
96,$1B,912000000,"""Andreessen Horowitz, Lightspeed Venture Partners, Zeev Ventures"""
17,$1B,918000000,"""GGV Capital, ZhenFund, Tencent"""
353,$1B,919000000,"""Salesforce Ventures, Seedcamp, OMERS Ventures"""
973,$1B,91000000,"""Advance Venture Partners, Susquehanna Growth Equity, Lupa Systems"""
97,$1B,920000000,"""Slack Fund, Accel, Skip Capital"""
87,$1B,922000000,"""Tiger Global Management, DST Global, Sequoia Capital India"""
153,$1B,926000000,Insight Partners
109,$1B,928000000,Technology Crossover Ventures
946,$1B,92000000,"""Genesis Partners, Aleph, Insight Partners"""
937,$1B,93000000,"""Koch Disruptive Technologies, Teamworthy Ventures, GGV Capital"""
139,$1B,943000000,"""CDH Investments, Goldstone Investments, Qiming Venture Partners"""
131,$1B,943000000,"""Telling Telecommunication Holding Co., Alibaba Group"""
360,$1B,946000000,"""Alibaba Group,Co-Stone Venture Capital, Buhuo Venture Capital"""
658,$1B,947000000,"""Sequoia Capital China, Qiming Venture Partners, Tencent Holdings"""
186,$1B,948000000,"""Elaia Partners, 83North, Felix Capital"""
604,$1B,94000000,"""ARCH Venture Partners, Ally Bridge Group"""
600,$1B,950000000,"""Matrix Partners China, Eastern Bell Capital, Hongtai Capital Holdings"""
672,$1B,96000000,"""Legend Capital, CDH Investments, Sequoia Capital China"""
518,$1B,96000000,Sequoia Capital
331,$1B,975000000,"""Cambridge Innovation Capital, LGT Capital Partners, Escala Capital"""
382,$1B,975000000,"""B Capital Group, Monk's Hill Ventures, Dynamic Parcel Distribution"""
21,$1B,979000000,"""Benchmark, Greylock Partners, Tencent Holdings"""
271,$1B,987000000,"""Warburg Pincus, The Rise Fund, HarbourVest Partners"""
664,$1B,98000000,"""Jerusalem Venture Partners, Israel Growth Partners, Insight Partners"""
1070,$1B,990000000,"""58.com, Tencent Holdings"""
146,$1B,996000000,"""Founders Fund, Accel, Creandum"""
792,$1B,9000000,ICG
639,$1B,0,China Prosperity Capital
567,$1B,0,Blackstone
945,$1B,0,"""Advent International, Bain Capital Ventures, Silversmith Capital Partners"""
947,$1B,0,"""Berkshire Partners, Norwest Venture Partners"""
717,$1B,0,"""Summit Partners, Qatar Holding"""
424,$1B,0,"""Rubicon Technology Partners, Max Ventures, Inclusive Capital Partners"""
733,$1B,0,"""Insight Partners, Silversmith Capital Partners, Spotify"""
1002,$1B,0,"""DST Global, Sequoia Capital China, Gaorong Capital"""
215,$1B,0,Sequoia Capital
866,$1B,0,"""Advent International, PSG, Providence Equity Partners"""
651,$1B,0,"""NetEase Capital, Northern Light Venture Capital, Microsoft"""
890,$1B,0,Bain Capital
